,Pair_name,ref
0,CA-6_CA_CN_CB-0,1
1,CT-5_N2_CA_N2-1,1
2,CA-10_CA_CA_CA-11,1
3,CA-6_CA_CA_HA-6,1
4,CT-4_CT_N2_H-2,1
5,CT-42_N_CT_CT-44,1
6,C-4_N_CT_H1-25,1
7,C-4_N_CT_H1-21,1
8,C-4_N_CT_H1-23,1
9,CT-8_C_N_H-1,1
10,CT-8_C_N_H-0,1
11,H1-16_CT_CT_CA-1,1
12,CA-1_CA_CA_CA-4,1
13,CT-15_CT_CT_HC-8,1
14,O-5_C_N_CT-39,1
15,CT-47_CT_CT_HC-24,1
16,O-3_C_N_H-0,1
17,H-0_N_CT_CT-20,1
18,H-0_N_CT_CT-22,1
19,H1-14_S_CT_CT-38,1
20,H-0_N_CT_CT-27,1
21,CT-21_CT_CT_CT-25,1
22,C-0_N_CT_CT-43,1
23,C-0_N_CT_CT-40,1
24,O-0_C_N_CT-35,1
25,C-0_N_CT_CT-46,1
26,O-0_C_N_CT-30,1
27,CT-11_CT_C_O-0,1
28,HC-18_CT_CT_CT-34,1
29,C-0_N_CT_CT-48,1
30,H-9_NA_CN_CA-5,1
31,O-0_C_N_CT-39,1
32,H1-23_CT_CT_HC-25,1
33,CT-23_CT_CT_C-0,1
34,CT-0_C_N_CT-39,1
35,H1-9_CT_C_N-3,1
36,CT-12_CT_CT_HC-6,1
37,HC-10_CT_CT_CT-25,1
38,H1-12_CT_C_N-5,1
39,CT-0_C_N_CT-30,1
40,CT-0_C_N_CT-35,1
41,CT-21_C_N_CT-52,1
42,CT-21_C_N_CT-50,1
43,CN-0_CA_CA_HA-4,1
44,HA-7_CA_CA_HA-8,1
45,CT-35_C_N_CT-54,1
46,H4-1_CW_NA_H-9,1
47,HC-4_CT_CT_C-4,1
48,CT-51_C*_CW_H4-1,1
49,H-9_NA_CN_CB-0,1
50,N2-1_CA_N2_H-3,1
51,C-7_N_CT_CT-55,1
52,CT-42_CT_CT_C-7,1
53,H1-7_CT_C_O-0,1
54,CT-12_CT_CT_C-5,1
55,CT-31_CT_C_N-1,1
56,CT-56_CT_CT_HC-27,1
57,CT-31_CT_C_N-3,1
58,CT-8_C_N_CT-30,1
59,CT-8_C_N_CT-35,1
60,O-1_C_N_CT-54,1
61,CT-8_C_N_CT-39,1
62,CT-39_CT_CA_CA-2,1
63,C-7_N_CT_C-7,1
64,OH-0_CT_CT_C-0,1
65,O-1_C_N_CT-52,1
66,C-0_N_CT_H1-21,1
67,C-0_N_CT_H1-23,1
68,C-0_N_CT_H1-24,1
69,C-0_N_CT_H1-25,1
70,CT-18_C_N_CT-19,1
71,CT-18_C_N_CT-18,1
72,CT-0_C_N_CT-47,1
73,CT-0_C_N_CT-44,1
74,CT-0_C_N_CT-45,1
75,H1-5_CT_CT_SH-0,1
76,N-0_CT_CT_HC-10,1
77,CT-52_C_N_CT-41,1
78,CA-3_CA_CA_HA-1,1
79,CC-0_NA_CR_H5-0,1
80,HC-9_CT_CT_C-0,1
81,NA-0_CR_NB_CV-0,1
82,C-1_N_CT_CT-55,1
83,CT-15_CT_CT_C-6,1
84,H1-8_CT_C_O-3,1
85,CT-3_CT_C_N-3,1
86,O-1_C_N_CT-21,1
87,CT-6_C_N_H-5,1
88,H1-4_CT_C_N-5,1
89,O-1_C_N_CT-26,1
90,CT-6_C_N_H-0,1
91,CT-6_CT_C_N-2,1
92,CT-6_C_N_CT-6,1
93,CT-8_C_N_CT-47,1
94,CT-8_C_N_CT-44,1
95,CT-8_C_N_CT-45,1
96,H1-3_CT_CT_HC-3,1
97,H1-4_CT_C_N-1,1
98,CT-8_C_N_CT-41,1
99,H1-4_CT_C_N-0,1
100,H1-24_CT_C_O-0,1
101,C-4_N_CT_H1-9,1
102,C-4_N_CT_H1-8,1
103,CT-35_C_N_CT-35,1
104,N-0_CT_CT_CT-14,1
105,H1-19_CT_C_O-0,1
106,O-5_C_N_H-1,1
107,C-4_N_CT_H1-0,1
108,C-4_N_CT_H1-3,1
109,CT-51_CT_C_O-0,1
110,C-4_N_CT_H1-5,1
111,C-4_N_CT_H1-4,1
112,C-4_N_CT_H1-7,1
113,CT-35_C_N_CT-39,1
114,CT-20_CT_C_N-3,1
115,CT-20_CT_C_N-0,1
116,C-7_N_CT_H1-9,1
117,CT-54_CT_CT_HC-27,1
118,CT-20_CT_C_N-5,1
119,H-1_N_CT_H1-13,1
120,CT-8_C_N_CT-8,1
121,CT-16_CT_C_N-1,1
122,CT-16_CT_C_N-0,1
123,C-7_N_CT_H1-7,1
124,HC-19_CT_CT_HP-0,1
125,C-7_N_CT_H1-5,1
126,CT-56_CT_CT_C-0,1
127,CT-10_C_N_CT-15,1
128,O-5_C_N_CT-30,1
129,CT-10_C_N_CT-12,1
130,CT-10_C_N_CT-10,1
131,H1-25_CT_C_N-1,1
132,HA-8_CA_C_OH-2,1
133,CT-10_C_N_CT-19,1
134,CT-10_C_N_CT-18,1
135,CT-2_C_N_CT-39,1
136,C-1_N_CT_CT-1,1
137,CT-32_CT_CT_C-1,1
138,N-1_CT_CT_CT-32,1
139,CA-2_CA_CA_HA-2,1
140,CA-2_CA_CA_HA-0,1
141,H1-16_CT_C_N-0,1
142,C-1_N_CT_CT-9,1
143,CT-19_C_N_CT-50,1
144,CT-2_C_N_CT-35,1
145,N-3_CT_C_N-5,1
146,H1-20_CT_OH_HO-0,1
147,HC-7_CT_CT_C-4,1
148,C-0_N_CT_CT-42,1
149,HC-7_CT_CT_C-6,1
150,C-1_N_CT_CT-20,1
151,C-1_N_CT_CT-27,1
152,CT-39_C_N_CT-54,1
153,H1-16_CT_C_N-5,1
154,H1-16_CT_C_N-3,1
155,O-3_C_N_CT-50,1
156,H1-16_CT_C_N-1,1
157,HA-3_CA_CA_CA-7,1
158,HC-4_CT_C_O2-0,1
159,H1-23_CT_CT_C*-0,1
160,HC-1_CT_CT_C-1,1
161,CT-6_C_N_CT-12,1
162,CT-19_CT_CC_NA-0,1
163,CA-10_CA_C_OH-2,1
164,C-0_N_CT_CT-36,1
165,CT-35_C_N_H-5,1
166,N-0_CT_CT_H1-6,1
167,CT-30_C_N_CT-45,1
168,CT-35_C_N_H-0,1
169,N-3_CT_C_N-3,1
170,CT-6_C_N_CT-19,1
171,CT-6_C_N_CT-18,1
172,CT-2_C_N_CT-2,1
173,CT-2_C_N_CT-6,1
174,H1-13_CT_C_N-1,1
175,H1-8_CT_CT_HC-7,1
176,HC-11_CT_CT_CT-24,1
177,CT-2_C_N_CT-8,1
178,CT-10_C_N_CT-26,1
179,HC-0_CT_CT_C-0,1
180,CA-9_CA_CA_C-8,1
181,CT-44_C_N_H-0,1
182,CT-19_C_N_H-5,1
183,HC-21_CT_CA_CA-2,1
184,O-5_C_N_CT-47,1
185,HC-22_CT_CT_CT-44,1
186,CT-18_C_N_CT-52,1
187,H1-3_CT_C_N-1,1
188,O-5_C_N_CT-45,1
189,C-1_N_CT_H1-18,1
190,H-0_N_CT_CT-51,1
191,H-0_N_CT_CT-53,1
192,H-0_N_CT_CT-55,1
193,C-1_N_CT_CT-51,1
194,CT-15_C_N_CT-45,1
195,CT-15_C_N_CT-44,1
196,CT-15_C_N_CT-47,1
197,CT-10_C_N_CT-21,1
198,CT-15_C_N_CT-41,1
199,CT-26_C_N_CT-41,1
200,C-0_N_CT_CT-13,1
201,O-1_C_N_CT-10,1
202,H1-11_CT_C_O-0,1
203,O-1_C_N_CT-15,1
204,CT-14_C_N_H-6,1
205,O-1_C_N_CT-19,1
206,O-1_C_N_CT-18,1
207,C-4_N_CT_CT-16,1
208,CT-30_C_N_H-1,1
209,CT-30_C_N_H-0,1
210,CT-19_C_N_CT-44,1
211,O-1_C_N_CT-8,1
212,CT-18_C_N_CT-50,1
213,O-5_C_N_CT-0,1
214,CT-18_C_N_CT-54,1
215,C-7_N_CT_CT-1,1
216,O-1_C_N_CT-0,1
217,CT-21_C_N_H-5,1
218,O-1_C_N_CT-2,1
219,C-1_N_CT_H1-10,1
220,CT-21_C_N_H-1,1
221,O-1_C_N_CT-6,1
222,CT-19_C_N_CT-30,1
223,CT-26_C_N_CT-52,1
224,CT-2_C_N_CT-18,1
225,CT-26_C_N_CT-54,1
226,CT-19_C_N_CT-35,1
227,H1-11_CT_CT_HC-10,1
228,C-0_N_CT_C-7,1
229,C-0_N_CT_C-4,1
230,C-0_N_CT_C-0,1
231,C-0_N_CT_C-1,1
232,H1-8_CT_C_N-3,1
233,H1-8_CT_C_N-1,1
234,H1-8_CT_C_N-0,1
235,H1-8_CT_C_N-5,1
236,CT-21_C_N_H-0,1
237,N-3_CT_CT_C-3,1
238,H1-7_CT_C_N-0,1
239,HC-5_CT_CT_HC-6,1
240,HC-21_CT_CT_C-0,1
241,O-3_C_N_CT-8,1
242,O-3_C_N_CT-6,1
243,CT-52_CT_CA_CA-10,1
244,O-3_C_N_CT-2,1
245,CT-50_CT_C*_CW-0,1
246,H1-16_CT_CT_HC-21,1
247,H1-4_CT_C_O-3,1
248,H1-4_CT_C_O-0,1
249,HA-1_CA_CA_HA-2,1
250,CT-20_CT_C_O-0,1
251,H1-24_CT_C_N-0,1
252,HA-4_CA_CA_CA-8,1
253,H1-13_CT_C_O-1,1
254,CT-12_C_N_CT-35,1
255,CT-3_CT_CT_H1-2,1
256,CT-12_C_N_CT-39,1
257,C-1_N_CT_H1-21,1
258,CT-53_CA_CA_HA-7,1
259,O-3_C_N_CT-19,1
260,O-3_C_N_CT-18,1
261,HC-26_CT_CT_C-0,1
262,CT-19_C_N_CT-39,1
263,O-3_C_N_CT-12,1
264,O-3_C_N_CT-10,1
265,H1-19_CT_C_N-3,1
266,CT-50_CT_C*_CB-0,1
267,H1-19_CT_C_N-1,1
268,H1-21_CT_C_N-0,1
269,C-1_N_CT_H1-25,1
270,CR-0_NA_CC_CV-0,1
271,CT-36_CT_C_N-1,1
272,CT-36_CT_C_N-0,1
273,CT-27_CT_CT_HC-16,1
274,CT-21_C_N_CT-54,1
275,CT-36_CT_C_N-5,1
276,C-4_N_CT_CT-36,1
277,HC-9_CT_CC_CV-0,1
278,CT-35_C_N_CT-45,1
279,CT-36_CT_C_O-0,1
280,C-7_N_CT_H1-16,1
281,C-7_N_CT_H1-19,1
282,C-7_N_CT_H1-21,1
283,C-7_N_CT_H1-23,1
284,N-0_CT_CT_CT-28,1
285,C-7_N_CT_H1-25,1
286,C-7_N_CT_H1-24,1
287,CT-45_C_N_CT-54,1
288,N-0_CT_CT_CT-23,1
289,HC-1_CT_CT_HC-2,1
290,CT-6_C_N_CT-50,1
291,CT-53_CT_C_O-0,1
292,HC-19_CT_CT_N3-0,1
293,CT-6_CT_C_O-2,1
294,N-1_CT_CT_CT-4,1
295,HC-8_CT_C_O2-1,1
296,CT-41_CT_CT_CT-44,1
297,H1-19_CT_CT_H1-20,1
298,CT-45_CT_OH_HO-0,1
299,C-7_N_CT_H1-13,1
300,CT-45_C_N_CT-50,1
301,H1-12_CT_CT_HC-14,1
302,CT-15_C_N_CT-15,1
303,H1-24_CT_CT_CA-9,1
304,N-3_CT_CT_HC-4,1
305,NA-0_CC_CV_NB-0,1
306,CT-15_C_N_CT-19,1
307,OH-1_CT_CT_C-0,1
308,CT-35_C_N_H-1,1
309,H1-13_CT_CT_HC-17,1
310,CT-10_CT_SH_HS-0,1
311,CT-13_CT_C_O-0,1
312,C-4_N_CT_CT-42,1
313,CT-13_CT_C_O-4,1
314,C-4_N_CT_CT-40,1
315,CT-2_C_N_CT-41,1
316,O-5_C_N_CT-26,1
317,H1-7_CT_C_N-5,1
318,CT-51_C*_CB_CA-8,1
319,O-5_C_N_CT-21,1
320,H-0_N_CT_CT-13,1
321,C-1_N_CT_CT-13,1
322,C-1_N_CT_CT-11,1
323,C-1_N_CT_CT-16,1
324,HC-2_CT_CT_N2-0,1
325,C-0_N_CT_CT-51,1
326,C-0_N_CT_CT-53,1
327,HC-1_CT_CT_CT-5,1
328,C-0_N_CT_H1-7,1
329,H1-24_CT_C_N-5,1
330,CT-6_C_N_CT-26,1
331,CT-10_C_N_CT-52,1
332,CT-10_C_N_CT-50,1
333,C-4_N_CT_C-7,1
334,C-4_N_CT_C-4,1
335,CT-6_C_N_CT-21,1
336,HC-9_CT_CC_NA-0,1
337,CT-2_C_N_H-5,1
338,CT-22_CT_C_O-0,1
339,C-7_N_CT_CT-36,1
340,CA-11_C_OH_HO-2,1
341,H1-6_CT_SH_HS-0,1
342,C-7_N_CT_CT-31,1
343,O-0_C_N_CT-6,1
344,CT-21_C_N_CT-41,1
345,CT-47_C_N_CT-54,1
346,CT-21_C_N_CT-44,1
347,CT-47_C_N_CT-52,1
348,O-0_C_N_CT-0,1
349,CT-21_C_N_CT-47,1
350,O-0_C_N_CT-8,1
351,H-7_NA_CC_CV-0,1
352,CT-39_C_N_H-5,1
353,N-0_CT_CT_C*-0,1
354,C-7_N_CT_CT-48,1
355,H1-25_CT_CT_HC-26,1
356,CT-10_C_N_H-1,1
357,CA-5_CA_CA_CA-8,1
358,C-7_N_CT_CT-43,1
359,C-7_N_CT_CT-42,1
360,C-7_N_CT_CT-40,1
361,C-7_N_CT_CT-46,1
362,N-3_CT_CT_CT-17,1
363,HC-17_CT_CT_C-1,1
364,CN-0_CB_CA_HA-6,1
365,O-1_C_N_CT-47,1
366,O-1_C_N_CT-44,1
367,O-1_C_N_CT-45,1
368,H1-4_CT_C_N-3,1
369,HC-14_CT_CT_CT-29,1
370,O-1_C_N_CT-41,1
371,CC-0_NA_CR_NB-0,1
372,CT-48_CT_C_O-0,1
373,HA-0_CA_CA_CA-4,1
374,H-1_N_CT_CT-3,1
375,CT-31_CT_C_N-5,1
376,CT-0_C_N_CT-54,1
377,O-4_C_N_H-6,1
378,O-3_C_N_CT-0,1
379,CT-0_C_N_CT-50,1
380,CT-0_C_N_CT-52,1
381,H1-13_CT_C_N-0,1
382,CT-0_C_N_CT-8,1
383,H1-13_CT_C_N-3,1
384,H1-13_CT_C_N-5,1
385,C-4_N_CT_H1-10,1
386,CT-19_C_N_CT-41,1
387,CT-40_CT_C_O-0,1
388,O-3_C_N_CT-54,1
389,CT-19_C_N_CT-45,1
390,O-3_C_N_CT-52,1
391,CT-19_C_N_CT-47,1
392,CT-0_C_N_CT-6,1
393,CT-10_C_N_CT-39,1
394,C-4_N_CT_H1-12,1
395,CT-45_C_N_CT-47,1
396,H1-25_CT_CT_CT-56,1
397,N-5_CT_CT_HC-23,1
398,C-7_N_CT_CT-53,1
399,HC-20_CT_CT_H1-14,1
400,N-0_CT_CT_SH-0,1
401,H1-21_CT_C_N-5,1
402,HC-17_CT_CT_CT-33,1
403,CT-20_CC_NA_CR-0,1
404,C-4_N_CT_H1-16,1
405,CT-8_C_N_CT-54,1
406,CT-2_C_N_H-1,1
407,CT-2_C_N_H-0,1
408,CT-8_C_N_CT-50,1
409,N2-0_CA_N2_H-3,1
410,CT-8_C_N_CT-52,1
411,CT-39_C_N_H-0,1
412,CT-39_C_N_H-1,1
413,H1-21_CT_CT_OH-1,1
414,H1-9_CT_C_O-0,1
415,CN-0_CB_CA_CA-7,1
416,CT-35_C_N_CT-41,1
417,HA-5_CA_CA_CB-0,1
418,CT-35_C_N_CT-47,1
419,CA-10_CA_CA_HA-7,1
420,CT-35_C_N_CT-44,1
421,CT-53_CT_C_N-0,1
422,CT-53_CT_C_N-1,1
423,N-0_CT_C_N-5,1
424,CT-53_CT_C_N-3,1
425,N-0_CT_C_N-3,1
426,CT-53_CT_C_N-5,1
427,N-0_CT_C_N-1,1
428,N-0_CT_C_N-0,1
429,CT-0_C_N_CT-26,1
430,CA-6_CA_CA_CB-0,1
431,CT-37_CT_CT_C-0,1
432,CT-22_CT_C_N-0,1
433,CT-22_CT_C_N-1,1
434,C-7_N_CT_CT-51,1
435,CT-22_CT_C_N-3,1
436,HC-20_CT_CT_C-0,1
437,CT-50_C_N_H-0,1
438,H1-22_CT_CT_HC-24,1
439,CT-8_C_N_CT-21,1
440,O-1_C_N_CT-50,1
441,CT-13_CT_C_N-4,1
442,HC-14_CT_CT_HC-15,1
443,CT-12_C_N_CT-30,1
444,CT-13_CT_C_N-0,1
445,CT-13_CT_C_N-1,1
446,CT-13_CT_C_N-3,1
447,H1-11_CT_CT_CT-24,1
448,CA-5_CN_CB_CA-8,1
449,CT-51_C*_CB_CN-0,1
450,CT-31_CT_CT_CT-34,1
451,CN-0_CA_CA_CA-7,1
452,CT-40_CA_CA_CA-3,1
453,O-0_C_N_CT-47,1
454,O-0_C_N_CT-45,1
455,O-0_C_N_CT-44,1
456,O-0_C_N_CT-41,1
457,H1-7_CT_CT_CT-14,1
458,CT-21_CT_CT_HC-12,1
459,H1-23_CT_C_N-3,1
460,CT-21_CT_CT_HC-11,1
461,CT-30_C_N_CT-39,1
462,H1-11_CT_C_N-5,1
463,CT-30_C_N_CT-30,1
464,CT-20_CC_CV_H4-0,1
465,CT-30_C_N_CT-35,1
466,H1-11_CT_C_N-3,1
467,C-1_N_CT_H1-0,1
468,C-1_N_CT_H1-1,1
469,C-1_N_CT_H1-3,1
470,C-1_N_CT_H1-4,1
471,H1-11_CT_C_N-0,1
472,C-1_N_CT_H1-7,1
473,CT-30_CT_CT_HC-18,1
474,C-1_N_CT_H1-9,1
475,HC-6_CT_C_O-4,1
476,H1-11_CT_C_N-1,1
477,CT-23_CT_CT_CT-25,1
478,CT-30_CT_CT_CT-33,1
479,CT-6_C_N_CT-30,1
480,CT-3_CT_C_O-1,1
481,O-0_C_N_H-1,1
482,CT-20_CC_CV_NB-0,1
483,O-5_C_N_CT-19,1
484,H1-5_CT_CT_H1-6,1
485,HC-15_CT_CT_HC-16,1
486,O-5_C_N_CT-15,1
487,H-0_N_CT_CT-46,1
488,H1-2_CT_N2_CA-0,1
489,C*-0_CB_CA_HA-6,1
490,H-0_N_CT_CT-40,1
491,H-7_NA_CR_NB-0,1
492,C-1_N_CT_CT-46,1
493,C-1_N_CT_CT-40,1
494,C-1_N_CT_CT-43,1
495,C-1_N_CT_CT-42,1
496,C-0_N_CT_CT-20,1
497,C-0_N_CT_CT-22,1
498,CT-0_C_N_CT-41,1
499,C-1_N_CT_CT-48,1
500,CT-15_C_N_CT-54,1
501,C-0_N_CT_CT-27,1
502,CT-36_CT_S_CT-38,1
503,CT-48_CT_C_N-5,1
504,CT-15_C_N_H-5,1
505,CT-48_CT_C_N-0,1
506,CT-48_CT_C_N-1,1
507,CT-15_C_N_H-0,1
508,CT-15_C_N_H-1,1
509,CT-21_C_N_CT-39,1
510,CT-0_C_N_CT-10,1
511,CT-0_C_N_CT-12,1
512,CT-0_C_N_CT-15,1
513,CA-2_CA_CA_CA-3,1
514,N-0_CT_CT_C-2,1
515,CT-18_C_N_CT-47,1
516,CT-0_C_N_CT-19,1
517,SH-0_CT_CT_C-0,1
518,C-7_N_CT_H1-3,1
519,CT-21_C_N_CT-35,1
520,CT-44_C_N_CT-45,1
521,CT-44_C_N_CT-44,1
522,CT-40_CT_C_N-5,1
523,H1-19_CT_C_N-5,1
524,CT-40_CT_C_N-0,1
525,CT-40_CT_C_N-1,1
526,CT-40_CT_C_N-3,1
527,C*-0_CB_CN_CA-5,1
528,CT-10_C_N_H-0,1
529,O-3_C_N_CT-15,1
530,H1-20_CT_CT_C-0,1
531,CT-30_C_N_CT-47,1
532,CT-8_C_N_CT-19,1
533,CT-8_C_N_CT-18,1
534,HC-10_CT_CT_C-0,1
535,CT-19_CT_CC_CV-0,1
536,H1-9_CT_C_N-0,1
537,CT-8_C_N_CT-10,1
538,CT-8_C_N_CT-12,1
539,CT-8_C_N_CT-15,1
540,H1-9_CT_C_N-5,1
541,CT-49_CT_CT_C-0,1
542,H4-1_CW_C*_CB-0,1
543,CA-11_C_CA_HA-8,1
544,CT-3_CT_C_N-1,1
545,CT-35_CT_CT_H1-14,1
546,CT-13_CT_C_N-5,1
547,CT-12_C_N_CT-21,1
548,CC-0_CV_NB_CR-0,1
549,CT-12_C_N_CT-26,1
550,CT-55_CT_C_N-3,1
551,H1-25_CT_C_N-5,1
552,CT-37_S_CT_H1-15,1
553,N-0_CT_C_O-0,1
554,O-5_C_N_CT-35,1
555,N-5_CT_C_O-5,1
556,H1-25_CT_C_N-0,1
557,H1-25_CT_C_N-3,1
558,HA-3_CA_CA_HA-4,1
559,HC-20_CT_CT_S-0,1
560,N-0_CT_CT_HC-3,1
561,CT-6_C_N_CT-39,1
562,H1-11_CT_CT_CT-23,1
563,C-4_N_CT_CT-31,1
564,CA-10_CA_C_CA-11,1
565,CT-12_C_N_H-5,1
566,CT-12_C_N_H-1,1
567,H1-19_CT_CT_OH-0,1
568,HA-7_CA_CA_C-8,1
569,C*-0_CW_NA_H-9,1
570,CT-33_CT_N3_H-8,1
571,C-1_N_CT_H1-23,1
572,H-0_N_CT_H1-7,1
573,H-0_N_CT_H1-4,1
574,H-0_N_CT_H1-5,1
575,C-7_N_CT_H1-18,1
576,H-0_N_CT_H1-3,1
577,H-0_N_CT_H1-0,1
578,C-1_N_CT_H1-24,1
579,H-1_N_CT_H1-1,1
580,C-7_N_CT_H1-17,1
581,C-7_N_CT_H1-10,1
582,C-7_N_CT_H1-11,1
583,C-7_N_CT_H1-12,1
584,H-0_N_CT_H1-9,1
585,CT-26_C_N_CT-45,1
586,HC-7_CT_CT_HC-8,1
587,N-0_CT_CT_CT-37,1
588,CA-1_CA_CA_HA-1,1
589,CT-6_C_N_H-1,1
590,H-5_N_CT_H1-8,1
591,C-4_N_CT_H1-24,1
592,H-5_N_CT_H1-4,1
593,C*-0_CT_CT_C-0,1
594,CT-15_C_N_CT-35,1
595,CT-11_CT_C_N-1,1
596,CT-50_C_N_CT-41,1
597,HC-3_CT_C_O-2,1
598,HC-6_CT_C_N-4,1
599,CT-51_CT_C_N-0,1
600,CT-47_C_N_H-1,1
601,CT-47_C_N_H-0,1
602,CT-47_C_N_H-5,1
603,NA-1_CN_CA_HA-3,1
604,C-4_N_CT_CT-55,1
605,CT-2_C_N_CT-54,1
606,C-4_N_CT_CT-51,1
607,CT-2_C_N_CT-52,1
608,CC-0_CT_CT_C-0,1
609,CT-2_C_N_CT-50,1
610,N-0_CT_CT_CA-1,1
611,O-5_C_N_CT-50,1
612,CT-4_CT_N2_CA-0,1
613,O-5_C_N_CT-52,1
614,O-0_C_N_CT-18,1
615,O-0_C_N_CT-19,1
616,N-0_CT_CT_CA-9,1
617,O-0_C_N_CT-15,1
618,H-2_CA_N2_N2-1,1
619,CT-6_C_N_CT-8,1
620,O-0_C_N_CT-10,1
621,O-0_C_N_CT-12,1
622,C-0_N_CT_H1-5,1
623,C-0_N_CT_H1-4,1
624,CA-9_CA_CA_HA-8,1
625,CT-55_CT_C_N-1,1
626,C-0_N_CT_H1-1,1
627,C-0_N_CT_H1-0,1
628,C-0_N_CT_H1-3,1
629,CT-55_CT_C_N-5,1
630,CT-6_C_N_CT-35,1
631,CT-10_C_N_CT-41,1
632,CT-10_C_N_CT-44,1
633,C-0_N_CT_H1-8,1
634,CT-32_CT_CT_HP-0,1
635,H1-4_CT_CT_CT-37,1
636,N-1_CT_CT_HC-17,1
637,C-7_N_CT_CT-20,1
638,C-7_N_CT_CT-22,1
639,H1-1_CT_C_N-0,1
640,H1-1_CT_C_N-1,1
641,CT-47_C_N_CT-47,1
642,H1-1_CT_C_N-5,1
643,HC-24_CT_CT_OH-1,1
644,N-0_CT_CT_CT-24,1
645,CW-0_C*_CB_CN-0,1
646,CT-3_CT_CT_N2-0,1
647,CT-36_CT_C_N-3,1
648,CT-46_CT_C_N-5,1
649,CT-46_CT_C_N-3,1
650,CT-46_CT_C_N-0,1
651,CT-46_CT_C_N-1,1
652,N-5_CT_C_N-5,1
653,H1-7_CT_C_N-3,1
654,H1-1_CT_C_N-3,1
655,C*-0_CW_NA_CN-0,1
656,H1-0_CT_CT_HC-0,1
657,CT-6_C_N_CT-52,1
658,CT-26_C_N_H-5,1
659,H1-7_CT_C_N-1,1
660,CT-26_C_N_H-0,1
661,CT-26_C_N_H-1,1
662,H1-7_CT_CT_HC-5,1
663,CT-47_C_N_CT-41,1
664,C-0_N_CT_CT-9,1
665,H1-2_CT_N2_H-2,1
666,C-0_N_CT_CT-7,1
667,CA-5_CA_CA_HA-5,1
668,C-0_N_CT_CT-1,1
669,HC-14_CT_CT_C-0,1
670,C-0_N_CT_CT-3,1
671,CT-18_C_N_CT-39,1
672,CW-0_C*_CB_CA-8,1
673,CT-41_N_CT_H1-18,1
674,CT-18_C_N_CT-30,1
675,H-5_N_CT_CT-9,1
676,CT-6_C_N_CT-54,1
677,CT-18_C_N_CT-35,1
678,CT-8_C_N_H-5,1
679,C-1_N_CT_H1-5,1
680,H1-22_CT_CT_C-0,1
681,CT-19_C_N_CT-54,1
682,H1-1_CT_CT_CT-4,1
683,CT-19_C_N_CT-52,1
684,H-5_N_CT_CT-16,1
685,CT-26_C_N_CT-30,1
686,N-1_CT_CT_HC-1,1
687,O-3_C_N_CT-41,1
688,CT-0_C_N_CT-0,1
689,O-3_C_N_CT-44,1
690,CT-7_CT_C_N-0,1
691,C-4_N_CT_CT-53,1
692,CT-26_C_N_CT-39,1
693,CT-43_CT_C_N-5,1
694,C-1_N_CT_H1-8,1
695,HP-0_CT_N3_H-8,1
696,CT-43_CT_C_N-1,1
697,O-5_C_N_CT-8,1
698,CT-43_CT_C_N-3,1
699,NA-1_CN_CA_CA-6,1
700,O-5_C_N_CT-6,1
701,CT-17_CT_CT_C-4,1
702,CA-9_CT_CT_C-0,1
703,O-5_C_N_CT-2,1
704,HC-25_CT_CT_C-0,1
705,CT-30_C_N_H-5,1
706,CT-2_CT_CT_CT-5,1
707,CT-22_CT_C_N-5,1
708,H1-8_CT_CT_CT-17,1
709,CT-32_CT_CT_N3-0,1
710,CT-15_C_N_CT-21,1
711,HC-3_CT_C_N-2,1
712,H1-19_CT_C_N-0,1
713,CT-9_CT_C_O-3,1
714,H1-17_CT_CT_CT-43,1
715,N-0_CT_CT_OH-0,1
716,H1-12_CT_CT_CT-28,1
717,CT-35_C_N_CT-50,1
718,CT-35_C_N_CT-52,1
719,H-1_N_CT_CT-31,1
720,H1-4_CT_CT_HC-20,1
721,CT-2_C_N_CT-21,1
722,CT-0_C_N_CT-2,1
723,CT-12_C_N_CT-50,1
724,CT-12_C_N_CT-52,1
725,H1-23_CT_C_O-0,1
726,CT-12_C_N_CT-54,1
727,CT-35_CT_CT_S-0,1
728,H-0_N_CT_H1-24,1
729,H-0_N_CT_H1-21,1
730,H-0_N_CT_H1-23,1
731,O-5_C_N_H-0,1
732,O-3_C_N_CT-35,1
733,C-0_N_CT_CT-16,1
734,O-3_C_N_CT-30,1
735,H1-5_CT_C_N-5,1
736,CT-51_C*_CW_NA-1,1
737,H1-5_CT_C_N-0,1
738,N-3_CT_CT_HC-7,1
739,H1-5_CT_C_N-3,1
740,CT-52_C_N_H-1,1
741,CT-52_C_N_H-0,1
742,CT-19_C_N_H-0,1
743,CT-19_C_N_H-1,1
744,HC-21_CT_CA_CA-10,1
745,CT-10_C_N_CT-47,1
746,H1-24_CT_CT_HC-21,1
747,C-4_N_CT_CT-11,1
748,CT-2_C_N_CT-12,1
749,C-4_N_CT_CT-13,1
750,C-1_N_CT_H1-19,1
751,CT-2_C_N_CT-15,1
752,CT-8_CT_C_O2-0,1
753,C-1_N_CT_H1-12,1
754,C-0_N_CT_CT-11,1
755,CT-2_C_N_CT-19,1
756,C-1_N_CT_H1-11,1
757,C-1_N_CT_H1-16,1
758,C-1_N_CT_H1-17,1
759,H4-1_CW_NA_CN-0,1
760,CT-55_CT_C_O-0,1
761,O-0_C_N_CT-50,1
762,O-0_C_N_CT-52,1
763,O-0_C_N_CT-54,1
764,N-0_CT_CT_CC-0,1
765,H1-1_CT_C_O-1,1
766,CT-54_C_N_CT-54,1
767,HC-23_CT_CT_H1-18,1
768,C-7_N_CT_H1-8,1
769,CT-51_CT_C_N-5,1
770,CT-1_CT_C_O-0,1
771,CT-20_CT_C_N-1,1
772,H1-3_CT_CT_C-2,1
773,HC-12_CT_CT_HC-13,1
774,CT-6_C_N_CT-44,1
775,CT-45_C_N_CT-52,1
776,N-0_CT_CT_CT-49,1
777,H1-10_CT_CT_CC-0,1
778,HA-4_CA_CA_HA-5,1
779,CT-23_CT_CT_HC-12,1
780,CT-15_C_N_CT-39,1
781,H1-21_CT_C_N-1,1
782,H1-10_CT_CT_HC-9,1
783,H1-21_CT_C_N-3,1
784,CT-53_CA_CA_CA-11,1
785,CT-15_C_N_CT-30,1
786,C-4_N_CT_H1-11,1
787,CT-16_CT_C_N-3,1
788,C-4_N_CT_H1-13,1
789,CT-46_CT_C_O-0,1
790,CT-15_C_N_CT-18,1
791,C-4_N_CT_H1-17,1
792,N-0_CT_CT_OH-1,1
793,C-4_N_CT_H1-19,1
794,CT-52_C_N_CT-54,1
795,C-7_N_CT_H1-0,1
796,H1-4_CT_CT_HC-4,1
797,CT-52_C_N_CT-52,1
798,C-1_N_CT_H1-13,1
799,N-0_CT_CT_HC-14,1
800,C-7_N_CT_H1-1,1
801,HC-22_CT_CT_HC-23,1
802,H-0_N_CT_CT-48,1
803,H-0_N_CT_CT-36,1
804,CT-50_C_N_CT-52,1
805,N-5_CT_CT_HC-22,1
806,O-0_C_N_CT-26,1
807,O-0_C_N_CT-21,1
808,CT-16_CT_C_N-5,1
809,C-0_N_CT_CT-31,1
810,O-1_C_N_H-5,1
811,H1-5_CT_C_O-0,1
812,CT-50_C_N_CT-50,1
813,O-1_C_N_H-1,1
814,O-1_C_N_H-0,1
815,CT-12_C_N_H-0,1
816,CT-12_C_N_CT-18,1
817,HC-25_CT_C*_CB-0,1
818,N-0_CT_CT_HC-9,1
819,HC-2_CT_CT_H1-2,1
820,CT-55_CT_C_N-0,1
821,CT-0_C_N_H-1,1
822,CT-0_C_N_H-0,1
823,N-0_CT_CT_HC-0,1
824,CT-0_C_N_H-5,1
825,CT-0_C_N_CT-21,1
826,N-0_CT_CT_HC-5,1
827,CT-21_C_N_CT-26,1
828,C-4_N_CT_CT-46,1
829,CT-19_C_N_CT-19,1
830,CT-21_C_N_CT-21,1
831,CT-44_C_N_CT-50,1
832,CT-44_C_N_CT-52,1
833,O-5_C_N_CT-12,1
834,CT-44_C_N_CT-54,1
835,C-4_N_CT_CT-9,1
836,CT-41_N_CT_CT-43,1
837,C-4_N_CT_CT-1,1
838,C-4_N_CT_CT-3,1
839,H1-22_CT_OH_HO-1,1
840,C-4_N_CT_CT-7,1
841,C-3_CT_CT_C-4,1
842,CT-7_CT_C_N-3,1
843,CT-2_CT_CT_HC-2,1
844,CT-7_CT_C_N-1,1
845,CT-43_CT_C_O-5,1
846,CT-7_CT_C_N-5,1
847,CR-0_NB_CV_H4-0,1
848,CT-54_C_N_H-0,1
849,HC-17_CT_CT_HC-18,1
850,O-0_C_N_H-0,1
851,O-5_C_N_CT-54,1
852,CT-8_C_N_CT-26,1
853,H1-23_CT_C_N-0,1
854,CT-31_CT_CT_HC-19,1
855,O-0_C_N_H-5,1
856,H1-23_CT_C_N-5,1
857,H1-5_CT_C_N-1,1
858,H1-17_N_CT_CT-44,1
859,CT-15_C_N_CT-52,1
860,C-0_N_CT_H1-17,1
861,C-0_N_CT_H1-16,1
862,CT-12_C_N_CT-19,1
863,C-0_N_CT_H1-10,1
864,C-0_N_CT_H1-13,1
865,C-0_N_CT_H1-12,1
866,CT-12_C_N_CT-15,1
867,CT-2_C_N_CT-44,1
868,CT-54_C_N_H-5,1
869,C-0_N_CT_H1-19,1
870,C-0_N_CT_H1-18,1
871,CT-54_C_N_H-1,1
872,CT-12_C_N_CT-12,1
873,HC-23_CT_CT_C-7,1
874,C-4_N_CT_H1-18,1
875,H1-1_CT_CT_HC-1,1
876,CT-4_CT_CT_C-1,1
877,CT-10_C_N_CT-35,1
878,CT-2_C_N_CT-47,1
879,H1-17_CT_CT_HC-22,1
880,CT-0_C_N_CT-18,1
881,C-1_N_CT_CT-3,1
882,H1-23_CT_C_N-1,1
883,O-1_C_N_CT-39,1
884,O-1_C_N_CT-35,1
885,C-0_N_CT_H1-11,1
886,CT-50_C_N_H-1,1
887,N-5_CT_CT_CT-42,1
888,N-5_CT_CT_CT-43,1
889,H1-10_CT_C_N-1,1
890,CT-30_C_N_CT-50,1
891,H1-10_CT_C_N-3,1
892,CT-30_C_N_CT-52,1
893,H1-10_CT_C_N-5,1
894,CT-30_C_N_CT-54,1
895,H1-6_CT_CT_C-0,1
896,H1-18_CT_C_N-1,1
897,H1-18_CT_C_N-0,1
898,H1-18_CT_C_N-3,1
899,C-1_N_CT_CT-7,1
900,H1-18_CT_C_N-5,1
901,H1-21_CT_CT_CT-49,1
902,H1-12_CT_C_O-0,1
903,CT-10_C_N_CT-45,1
904,CT-45_C_N_H-1,1
905,CT-45_C_N_H-0,1
906,CT-39_C_N_CT-39,1
907,CT-45_C_N_H-5,1
908,CT-50_C_N_H-5,1
909,CT-2_C_N_CT-30,1
910,CT-1_CT_C_N-5,1
911,CT-1_CT_C_N-0,1
912,CT-1_CT_C_N-1,1
913,CT-1_CT_C_N-3,1
914,C-0_N_CT_H1-9,1
915,O-5_C_N_CT-10,1
916,O-1_C_N_CT-12,1
917,HC-10_CT_CT_HC-11,1
918,HC-10_CT_CT_HC-12,1
919,C-4_N_CT_CT-48,1
920,CA-1_CT_CT_C-0,1
921,CT-7_C_N_H-4,1
922,CT-50_C_N_CT-54,1
923,C-0_N_CT_CT-55,1
924,N-1_CT_C_N-1,1
925,HC-26_CT_CT_HC-27,1
926,HC-3_CT_CT_C-0,1
927,H1-21_CT_C_O-0,1
928,C-1_N_CT_CT-22,1
929,C-7_N_CT_H1-4,1
930,C-1_N_CT_C-1,1
931,CT-26_C_N_CT-35,1
932,CT-49_CT_OH_HO-1,1
933,C-1_N_CT_C-4,1
934,C-1_N_CT_C-7,1
935,CT-10_C_N_CT-30,1
936,H1-3_CT_C_N-3,1
937,H1-3_CT_C_N-0,1
938,CT-48_CT_C_N-3,1
939,CT-2_C_N_CT-26,1
940,H1-3_CT_C_N-5,1
941,CT-44_C_N_H-5,1
942,C-1_N_CT_CT-36,1
943,O-5_C_N_CT-41,1
944,CT-9_CT_C_N-0,1
945,CT-9_CT_C_N-1,1
946,O-5_C_N_CT-44,1
947,CT-9_CT_C_N-3,1
948,CT-39_C_N_CT-47,1
949,HC-25_CT_C*_CW-0,1
950,CT-39_C_N_CT-45,1
951,CT-39_C_N_CT-44,1
952,CT-39_C_N_CT-41,1
953,H-7_NA_CR_H5-0,1
954,CT-15_C_N_CT-26,1
955,H1-25_CT_C_O-0,1
956,N-1_CT_C_N-3,1
957,H1-9_CT_C_N-1,1
958,N-1_CT_C_N-5,1
959,CT-10_C_N_H-5,1
960,CT-18_C_N_CT-44,1
961,CT-24_CT_CT_C-0,1
962,CT-10_C_N_CT-54,1
963,H1-0_CT_C_O-0,1
964,CT-18_C_N_CT-45,1
965,CT-31_CT_C_O-1,1
966,O-5_C_N_H-5,1
967,CT-15_C_N_CT-50,1
968,H1-10_CT_C_N-0,1
969,CT-2_C_N_CT-45,1
970,C-7_N_CT_CT-11,1
971,C-7_N_CT_CT-13,1
972,C-7_N_CT_CT-16,1
973,O-3_C_N_CT-45,1
974,CT-44_C_N_H-1,1
975,CT-26_C_N_CT-50,1
976,CT-39_C_N_CT-52,1
977,CT-21_C_N_CT-30,1
978,H5-0_CR_NB_CV-0,1
979,O-3_C_N_CT-47,1
980,CT-44_C_N_CT-41,1
981,O-1_C_N_CT-30,1
982,CT-41_CT_CT_HC-23,1
983,HA-5_CA_CA_HA-6,1
984,H-5_N_CT_C-4,1
985,CT-18_C_N_CT-41,1
986,O-3_C_N_H-5,1
987,CT-44_C_N_CT-47,1
988,CT-41_N_CT_C-7,1
989,CT-6_C_N_CT-15,1
990,CT-7_CT_C_O-0,1
991,CT-26_CT_CT_CT-29,1
992,CW-0_NA_CN_CA-5,1
993,CT-43_CT_C_N-0,1
994,CT-27_CT_C_N-3,1
995,CT-27_CT_C_N-1,1
996,CT-27_CT_C_N-0,1
997,CT-27_CT_C_N-5,1
998,CT-6_C_N_CT-10,1
999,H1-4_CT_CT_C-3,1
1000,CT-54_C_N_CT-41,1
1001,CT-18_C_N_CT-26,1
1002,C-1_N_CT_CT-31,1
1003,H-0_N_CT_H1-25,1
1004,CT-18_C_N_CT-21,1
1005,HC-18_CT_CT_HC-19,1
1006,CT-18_C_N_H-5,1
1007,CT-30_C_N_CT-44,1
1008,CT-18_C_N_H-1,1
1009,CT-18_C_N_H-0,1
1010,CT-19_C_N_CT-21,1
1011,H1-13_CT_CT_CT-32,1
1012,CT-26_C_N_CT-47,1
1013,CT-19_C_N_CT-26,1
1014,C-2_CT_CT_C-0,1
1015,CT-26_C_N_CT-44,1
1016,CT-11_CT_C_N-3,1
1017,CT-11_CT_C_N-0,1
1018,CW-0_NA_CN_CB-0,1
1019,H1-12_CT_C_N-3,1
1020,CT-11_CT_C_N-5,1
1021,CT-42_CT_CT_H1-18,1
1022,CT-3_CT_C_N-5,1
1023,CT-31_CT_C_N-0,1
1024,O-0_C_N_CT-2,1
1025,H-0_N_CT_CT-11,1
1026,CT-30_C_N_CT-41,1
1027,C-4_N_CT_H1-1,1
1028,C-4_N_CT_CT-43,1
1029,CT-21_C_N_CT-45,1
1030,H1-18_CT_C_O-5,1
1031,CT-2_C_N_CT-10,1
1032,CT-3_CT_C_N-0,1
1033,HA-3_CA_CN_CB-0,1
1034,CT-47_C_N_CT-50,1
1035,CT-27_CT_C_O-0,1
1036,CT-16_CT_C_O-3,1
1037,CT-22_CT_CT_HC-13,1
1038,H-0_N_CT_CT-1,1
1039,H-0_N_CT_CT-7,1
1040,C-7_N_CT_CT-9,1
1041,C-7_N_CT_CT-27,1
1042,C-7_N_CT_CT-7,1
1043,CT-52_C_N_H-5,1
1044,CT-9_CT_C_N-5,1
1045,C-7_N_CT_CT-3,1
1046,O-3_C_N_H-1,1
1047,H-0_N_CT_C-0,1
1048,CT-29_CT_CT_HC-16,1
1049,CT-12_C_N_CT-47,1
1050,CT-12_C_N_CT-44,1
1051,CT-12_C_N_CT-45,1
1052,H-1_N_CT_C-1,1
1053,CT-12_C_N_CT-41,1
1054,N-0_CT_CT_HC-25,1
1055,CT-26_C_N_CT-26,1
1056,N-0_CT_CT_HC-26,1
1057,N-0_CT_CT_HC-21,1
1058,N-0_CT_CT_H1-22,1
1059,N-0_CT_CT_H1-20,1
1060,H-0_N_CT_H1-10,1
1061,H-0_N_CT_H1-11,1
1062,H-0_N_CT_H1-12,1
1063,H1-24_CT_C_N-1,1
1064,H-0_N_CT_H1-16,1
1065,CT-39_C_N_CT-50,1
1066,O-3_C_N_CT-26,1
1067,H-0_N_CT_H1-19,1
1068,H1-21_CT_CT_H1-22,1
1069,CT-26_CT_CT_HC-15,1
1070,CT-40_CA_CA_HA-0,1
1071,C*-0_CB_CA_CA-7,1
1072,O-3_C_N_CT-21,1
1073,N-3_CT_C_O-3,1
1074,H1-16_CT_C_O-0,1
1075,HC-5_CT_CT_C-5,1
1076,HC-5_CT_CT_C-0,1
1077,C-1_N_CT_CT-53,1
1078,NA-1_CN_CB_CA-8,1
1079,O-3_C_N_CT-39,1
1080,C-4_N_CT_CT-27,1
1081,C-4_N_CT_CT-20,1
1082,C-4_N_CT_CT-22,1
1083,N-0_CT_CT_HC-20,1
1084,C*-0_CB_CN_NA-1,1
1085,NA-0_CC_CV_H4-0,1
1086,CT-47_CT_OH_HO-1,1
1087,H1-3_CT_C_O-0,1
1088,N-1_CT_C_O-1,1
1089,H1-12_CT_C_N-1,1
1090,CT-14_CT_CT_C-0,1
1091,H1-12_CT_C_N-0,1
1092,O-2_C_N_H-4,1
1093,CT-20_CC_NA_H-7,1
1094,N-0_CT_CT_CT-56,1
1095,CT-6_C_N_CT-45,1
1096,CT-6_C_N_CT-47,1
1097,HA-0_CA_CA_HA-1,1
1098,CT-6_C_N_CT-41,1
1099,CT-28_CT_CT_C-0,1
1100,H1-24_CT_C_N-3,1
1101,NA-1_CW_C*_CB-0,1
1102,CT-45_C_N_CT-41,1
1103,H1-0_CT_C_N-5,1
1104,CT-45_C_N_CT-45,1
1105,H1-0_CT_C_N-3,1
1106,O-5_C_N_CT-18,1
1107,H1-0_CT_C_N-1,1
1108,H1-0_CT_C_N-0,1
1109,H1-10_CT_C_O-0,1
1110,CT-51_CT_C_N-3,1
1111,CT-16_CT_C_O2-1,1
1112,CT-51_CT_C_N-1,1