,Pair_name,ref
0,2C_O_C_OH,1.0
1,Br_CA_CA_CA,1.0
2,C4_N2_CA_NC,1.0
3,CA_CA_CA_2C,1.0
4,CA_CA_CA_CT,1.0
5,CA_CA_CA_OH,1.0
6,CA_CA_C_OH,1.0
7,CA_CA_C_OS,1.0
8,CB_C5_N*_CT,1.0
9,CB_CK_N*_CT,1.0
10,CB_CP_N*_CT,1.0
11,CB_CT_C*_CW,1.0
12,CB_N2_CA_NC,1.0
13,CM_CT_CM_HA,1.0
14,CM_H4_C_O,1.0
15,CM_N2_CA_NC,1.0
16,CR_CC_NA_P,1.0
17,CS_CT_CS_HA,1.0
18,CS_H4_C_O,1.0
19,CS_N2_CA_NC,1.0
20,CT_CV_CC_NA,1.0
21,CT_CW_CC_NA,1.0
22,CT_CW_CC_NB,1.0
23,CT_O_C_OH,1.0
24,C_C4_C4_CT,1.0
25,C_C4_N*_CT,1.0
26,C_CM_CM_CT,1.0
27,C_CM_N*_CT,1.0
28,C_CS_CM_CT,1.0
29,C_CS_CS_CT,1.0
30,C_CS_N*_CT,1.0
31,C_CT_N_H,1.0
32,C_CT_N_O,1.0
33,C_CX_N_H,1.0
34,H5_O_C_OH,1.0
35,H5_O_C_OS,1.0
36,N2_NA_CA_NC,1.0
37,X_CT_N_CT,1.0
38,X_CT_N_CX,1.0
39,X_N2_CA_N2,1.0
40,X_O2_CO_O2,1.0
41,X_O2_C_O2,1.0
42,X_X_C4_H4,1.0
43,X_X_C4_HA,1.0
44,X_X_C5_H5,1.0
45,X_X_CA_H4,1.0
46,X_X_CA_H5,1.0
47,X_X_CA_HA,1.0
48,X_X_CK_H5,1.0
49,X_X_CM_H4,1.0
50,X_X_CM_HA,1.0
51,X_X_CP_H5,1.0
52,X_X_CQ_H5,1.0
53,X_X_CR_H5,1.0
54,X_X_CS_H4,1.0
55,X_X_CS_HA,1.0
56,X_X_CV_H4,1.0
57,X_X_CW_H4,1.0
58,X_X_C_O,1.0
59,X_X_N2_H,1.0
60,X_X_NA_H,1.0
61,X_X_N_H,1.0
